student_id,cohort,entry_grade,origin,alt_entry_grade,retained_9,fifth_year,engagement_end_of_9th,transfer_credits_missing,hs_credits_true,earned_24_true
1178934,2023,0,district,11,False,False,0.26658365511446386,False,26.75,1
1012840,2022,0,district,12,False,False,1.4273469250210205,False,26.75,1
1731240,2014,7,out_of_state,11,False,False,1.0334052507517937,False,27.5,1
1298238,2017,2,in_state,11,False,False,1.156920163245609,False,25.75,1
1615508,2022,9,in_state,12,False,False,-0.005185312925153909,False,23.25,0
1289387,2017,0,district,12,False,False,-0.6320709431290142,False,19.0,0
1059043,2022,0,district,10,True,True,-0.5214116319082083,False,26.5,1
1688997,2023,0,district,12,False,False,0.34739618969852165,False,24.0,1
1848264,2024,0,district,11,False,False,-0.42647939396706347,False,22.75,0
1400275,2022,0,district,10,True,True,-2.444892298738732,False,10.25,0
1516458,2016,0,district,11,True,False,1.2818829656110813,False,32.25,1
1106785,2024,0,district,9,True,False,-2.3075198695119643,False,16.0,0
1253424,2018,0,district,11,False,False,0.043909357070481436,False,25.0,1
1739877,2014,10,out_of_state,10,False,False,-0.8673942477682118,False,13.25,0
1529220,2022,0,district,9,False,False,-0.653959126439968,False,10.75,0
1212207,2018,7,out_of_state,12,False,False,1.1399952598477985,False,27.0,1
1065059,2014,8,in_state,10,False,False,-0.33012148689313175,False,20.0,0
1082291,2024,0,district,10,False,False,-0.050361615383280045,False,23.5,0
1495939,2014,1,in_state,12,False,False,1.2795263449524112,False,27.75,1
1639896,2019,0,district,9,False,True,-0.9149076455796857,False,24.75,1
1540407,2013,0,district,10,False,False,-0.5667834824071436,False,21.75,0
1699288,2019,6,out_of_state,10,False,False,-1.198955020869442,False,18.75,0
1724587,2013,0,district,12,False,False,0.5186317918723551,False,26.75,1
1355752,2020,0,district,10,False,False,-0.7438772644562456,False,8.0,0
1128701,2023,1,in_state,12,False,False,1.5832528163787776,False,26.25,1
1609561,2015,9,out_of_state,11,False,False,-0.049070926344391363,False,26.25,1
1178053,2020,1,out_of_state,12,False,False,1.1515705126407434,False,26.5,1
1081522,2024,4,in_state,9,False,False,-0.7851510036618067,False,9.75,0
1608906,2018,0,district,11,True,False,-0.33183978357818733,False,24.5,1
1785467,2024,0,district,10,False,False,-0.1786459451968388,False,20.5,0
1810695,2014,2,out_of_state,11,False,False,0.9037234838527283,False,22.5,0
1602657,2023,0,district,11,False,False,0.7853373981582655,False,24.0,1
1150193,2019,1,in_state,10,False,False,0.5638069992997156,False,24.25,1
1005060,2017,0,district,10,False,False,-0.6390026373317208,False,25.0,1
1007310,2014,2,in_state,12,False,False,0.6316635235752978,False,21.75,0
1314896,2021,2,out_of_state,9,False,False,-2.4508774530050053,False,5.25,0
1428506,2016,5,out_of_state,9,False,False,-0.5570966640550046,False,22.75,0
1671580,2013,0,district,11,False,False,0.6322070879328645,False,26.5,1
1401857,2015,0,district,11,False,False,-0.13579190918933426,False,24.5,1
1779049,2015,11,in_state,11,False,False,-0.6186194394148267,False,19.75,0
1559824,2024,2,out_of_state,11,False,True,-0.4842720790101105,False,25.75,1
1005153,2019,0,district,10,False,False,-1.0007920075662353,False,12.0,0
1655014,2022,0,district,10,False,False,0.11769581528444883,False,23.75,0
1305810,2020,4,in_state,12,False,False,1.8189929035876853,False,25.5,1
1200860,2021,0,district,11,False,False,-0.28207272356947727,False,19.75,0
1766520,2013,1,out_of_state,10,False,False,-0.02513877812634472,False,18.0,0
1442806,2013,6,in_state,10,False,False,-0.4167853762147118,False,22.75,0
1452473,2022,7,out_of_state,10,False,False,-0.05382961136249942,False,24.5,1
1295670,2019,0,district,9,True,False,-1.275079065096374,False,19.0,0
1941245,2015,0,district,9,True,False,-2.116291220362178,False,19.75,0
1609936,2018,4,in_state,11,False,False,0.23326672783013866,False,22.5,0
1109524,2013,2,out_of_state,12,False,False,0.9981668089665494,False,27.25,1
1027194,2017,0,district,10,False,False,-0.31397321567325903,False,24.5,1
1597402,2014,8,out_of_state,11,False,False,0.28072287314165195,False,26.25,1
1923194,2022,0,district,11,False,False,0.2787546146006821,False,25.5,1
1378713,2018,1,out_of_state,10,False,False,-0.9303543363288203,False,15.5,0
1823329,2013,0,district,9,False,False,-2.323805173362062,False,12.5,0
1040449,2014,1,in_state,10,False,False,-1.2744688937305355,False,9.0,0
1457471,2013,0,district,9,True,False,-1.5610502589192055,False,20.0,0
1044177,2017,0,district,9,False,False,-1.578122890825401,False,13.0,0
1391794,2021,5,in_state,12,False,True,0.9832029904095786,False,25.25,1
1898070,2016,0,district,9,True,False,-1.56883246905438,False,10.75,0
1948302,2019,0,district,11,False,False,-0.2645615269298288,False,24.5,1
1021454,2024,7,in_state,11,False,False,-0.5407865566059734,False,23.75,0
1094578,2022,0,district,10,True,False,-1.35102873456595,False,20.25,0
1877961,2024,0,district,12,False,False,2.2792265488871384,False,27.75,1
1410274,2020,6,in_state,12,False,False,-0.20526427844025186,False,25.25,1
1456118,2014,0,district,9,False,False,-1.0489316628184975,False,17.5,0
1520354,2015,0,district,11,False,False,-0.5591797159003562,False,22.25,0
1029132,2015,7,in_state,12,False,False,-0.11601320737960871,False,24.0,1
1414413,2023,6,in_state,11,False,False,0.09505611737383063,False,23.75,0
1068183,2022,1,out_of_state,11,False,False,0.9597378344448493,False,26.5,1
1921514,2024,0,district,10,False,False,-0.2903084594601947,False,26.0,1
1573404,2020,5,out_of_state,10,False,False,-1.6425961304451022,False,6.75,0
1666363,2022,0,district,10,False,False,-0.07185155468742016,False,17.75,0
1160654,2021,4,in_state,9,False,False,-2.30513209143035,False,5.0,0
1029703,2014,10,in_state,10,False,False,0.011729702563608724,False,17.25,0
1676394,2018,9,in_state,10,False,False,-1.290186640933128,False,18.75,0
1481326,2017,0,district,11,False,False,0.21884707113817226,False,26.25,1
1839523,2020,8,in_state,10,False,False,-1.7427813390317866,False,16.5,0
1349271,2018,0,district,12,False,False,1.5511480607816663,False,26.75,1
1043275,2021,0,district,10,False,True,0.0012175768346915916,False,16.5,0
1091586,2013,7,in_state,11,False,False,0.3351969925675491,False,17.75,0
1275751,2015,0,district,10,False,False,-0.25191590350504356,False,22.5,0
1754342,2023,4,in_state,12,True,False,0.40264866561358587,False,29.0,1
1511917,2021,3,in_state,12,False,True,1.5579890836510968,False,33.0,1
1577498,2019,2,out_of_state,11,False,False,0.3763601775310728,False,27.0,1
1049840,2022,0,district,11,False,False,0.46899187836187256,False,25.0,1
1577772,2023,0,district,12,False,False,0.8939372997832106,False,24.5,1
1713242,2021,10,out_of_state,10,False,False,-1.2109360412727375,False,10.5,0
1964557,2018,0,district,10,False,False,-0.6852361073194524,False,15.75,0
1126046,2015,0,district,11,False,False,-0.2827977043874861,False,17.5,0
1098892,2024,0,district,11,False,False,-0.2011813241137993,False,24.75,1
1102195,2022,0,district,12,False,True,0.7082566448870178,False,34.5,1
1822666,2013,0,district,12,False,False,0.3621804402282421,False,19.5,0
1281609,2015,7,in_state,10,False,True,-0.44941397555321316,False,26.75,1
1685369,2013,0,district,12,False,True,0.8524629703364336,False,25.0,1
1702592,2023,0,district,11,False,False,0.6255396161452814,False,25.25,1
1418048,2023,8,in_state,9,True,False,-2.1840848855326933,False,13.5,0
1841359,2024,0,district,12,False,False,0.5629396614006592,False,26.75,1
1713980,2022,0,district,12,False,False,0.41014088561519185,False,24.5,1
1236899,2020,0,district,11,False,False,-0.15880751601733892,False,22.0,0
1368032,2022,5,out_of_state,10,False,False,-0.7003721394728114,False,16.0,0
1259220,2017,0,district,12,False,False,0.25175893676323613,False,25.25,1
1452855,2020,2,in_state,11,False,False,0.6223937112728062,False,18.75,0
1062152,2014,0,district,10,False,False,0.11176884036914066,False,22.0,0
1906522,2013,0,district,11,False,False,0.6253507469996573,False,24.0,1
1670733,2013,0,district,9,True,False,-1.2243989530532524,False,11.5,0
1509581,2020,5,in_state,12,False,False,1.9174268739062579,False,26.0,1
1961351,2015,0,district,10,False,False,-0.20739317578400784,False,9.75,0
1823770,2019,0,district,11,True,False,0.03456096328907669,False,25.25,1
1326926,2016,0,district,12,False,False,0.4206571358991979,False,15.0,0
1094491,2020,3,in_state,11,False,False,0.6998826222751844,False,26.75,1
1550182,2015,5,out_of_state,12,False,False,0.8775108307130718,False,20.25,0
1316077,2023,0,district,9,False,False,-0.9554651372390326,False,11.25,0
1036376,2015,0,district,12,False,False,1.127572677357755,False,23.75,0
1563625,2018,4,out_of_state,9,False,False,-0.6687241316887051,False,14.75,0
1374350,2018,0,district,9,False,False,0.32116648772659295,False,24.75,1
1741280,2020,6,in_state,10,False,False,-1.581435488160839,False,12.75,0
1395059,2021,0,district,12,False,False,1.2102523965498668,False,27.25,1
1991167,2019,2,in_state,12,False,False,-0.09382976266016474,False,21.75,0
1351782,2015,0,district,9,False,False,-0.38712700117075705,False,22.25,0
1094827,2016,9,in_state,12,False,False,1.1738831945999066,False,28.0,1
1342854,2015,4,in_state,11,False,False,1.0942450378835222,False,28.0,1
1403195,2024,2,in_state,11,False,False,0.9837326213844246,False,23.25,0
1539426,2023,0,district,11,False,False,-0.16491453474466133,False,22.5,0
1276012,2023,0,district,11,False,True,1.73258471006331,False,28.0,1
1816927,2024,10,in_state,12,False,False,0.8220691270755773,False,26.25,1
1340703,2018,1,in_state,11,False,False,0.6508964869268107,False,24.75,1
1678945,2022,6,in_state,10,False,False,-0.8215095691945998,False,19.5,0
1526004,2014,11,in_state,11,False,False,-1.6089675583307246,False,15.75,0
1919704,2015,4,out_of_state,12,False,False,0.9605036103085414,False,23.5,0
1137284,2013,0,district,11,False,True,0.2542070367069136,False,30.5,1
1406756,2014,7,in_state,9,False,False,0.031752235952297314,False,19.0,0
1915099,2015,0,district,11,False,True,0.17690201875113382,False,28.5,1
1679352,2019,0,district,12,False,False,1.1191589966723396,False,24.75,1
1683416,2013,0,district,10,False,False,-0.4246584285542364,False,21.75,0
1301044,2013,0,district,12,False,False,1.02488612249606,False,24.5,1
1209692,2016,0,district,11,False,False,0.4694017069679489,False,20.0,0
1201698,2022,1,out_of_state,12,False,False,0.26978682313380764,False,21.75,0
1640463,2016,1,out_of_state,12,False,False,1.0037760388372363,False,27.75,1
1740376,2016,0,district,9,True,False,-1.8607169724239698,False,14.25,0
1884221,2020,3,in_state,11,False,False,0.9769147576929358,False,22.5,0
1138003,2019,0,district,12,False,False,1.1570450562913406,False,20.75,0
1550012,2020,4,in_state,12,False,False,1.0882630926296857,False,24.75,1
1205441,2020,10,out_of_state,11,False,False,-0.45750085049966926,False,23.25,0
1387457,2020,4,in_state,11,False,False,-0.24735828980916932,False,21.5,0
1924484,2018,1,out_of_state,12,False,False,0.5767960159504587,False,23.25,0
1407596,2024,10,out_of_state,11,False,False,-0.4994009309370714,False,23.25,0
1516277,2018,0,district,10,False,False,-0.28481009574858573,False,17.5,0
1359210,2022,0,district,12,False,False,0.9627757915076781,False,21.5,0
1424065,2023,0,district,11,False,False,-0.31923670990612896,False,21.5,0
1721425,2014,1,in_state,10,False,False,-1.1754627889747953,False,12.25,0
1492884,2018,0,district,10,False,False,-1.4520812948647293,False,8.75,0
1369156,2015,0,district,9,True,False,-1.7697021470138303,False,23.5,0
1849915,2022,0,district,10,False,False,-0.12201190025211914,False,15.0,0
1220876,2023,0,district,11,False,False,-0.2327749934023966,False,22.0,0
1858106,2013,0,district,11,False,False,-0.3979941645746515,False,22.5,0
1741730,2016,0,district,12,True,False,0.18117727701369216,False,31.75,1
1435641,2018,0,district,12,True,False,0.5483190980546859,False,32.5,1
1116594,2019,0,district,11,False,False,0.40573042281983057,False,22.5,0
1885445,2018,7,in_state,12,False,False,0.5682200075893886,False,24.75,1
1982310,2021,1,in_state,11,False,False,-0.30194847718084716,False,24.0,1
1286298,2019,1,in_state,10,True,False,-1.07670132985183,False,23.5,0
1617036,2018,0,district,11,True,False,-1.3840434401971593,False,11.75,0
1221837,2016,10,in_state,11,False,False,1.2782120009347615,False,24.75,1
1877800,2018,0,district,12,False,False,1.2540855278350735,False,26.0,1
1729194,2014,0,district,10,False,False,-1.1685007393051379,False,13.75,0
1913420,2024,0,district,10,False,False,-0.4328522053214844,False,17.0,0
1844357,2019,9,in_state,10,False,False,0.598232384072864,False,26.25,1
1745192,2016,0,district,11,False,False,1.1118058145841054,False,25.0,1
1606418,2016,0,district,12,False,False,1.344740716592901,False,26.0,1
1885857,2015,0,district,11,False,False,-0.029232590627287502,False,21.5,0
1930663,2021,7,out_of_state,11,False,False,0.14353422713095676,False,22.5,0
1462056,2020,8,in_state,12,False,False,-0.029983838276079144,False,24.75,1
1546150,2017,8,out_of_state,12,False,False,0.2918008464776012,False,22.75,0
1924759,2014,10,in_state,12,False,False,2.0957623643578636,True,26.5,1
1286680,2018,5,in_state,9,False,False,-0.9272582000096947,False,18.0,0
1527518,2013,7,out_of_state,10,False,False,-0.9415834415331397,False,16.5,0
1303723,2014,8,in_state,12,False,False,1.0103206344687399,False,26.0,1
1742123,2021,0,district,11,False,False,1.074371271595183,False,27.75,1
1876312,2021,8,in_state,10,False,True,0.19396572891289376,False,24.25,1
1297320,2013,7,out_of_state,10,False,False,0.09557560017849591,False,22.5,0
1030220,2013,1,out_of_state,11,False,False,-0.3523756688553582,False,22.5,0
1537387,2019,10,out_of_state,12,False,False,0.9711430973891121,False,26.25,1
1475307,2019,9,out_of_state,11,False,False,0.7053905716674692,False,20.75,0
1164098,2014,4,out_of_state,12,False,False,1.4493108657986493,False,27.0,1
1261018,2013,10,in_state,11,False,False,1.1631770376193211,True,21.75,0
1693243,2022,0,district,11,False,False,-0.39039171393899796,False,18.5,0
1722482,2013,0,district,9,False,False,-1.9790463679563657,False,8.5,0
1775919,2020,0,district,11,False,True,-0.7370216437723721,False,25.25,1
1653410,2020,0,district,11,False,False,0.7687245385389785,False,25.75,1
1145775,2024,0,district,12,False,False,1.808006329913428,False,27.5,1
1175322,2018,0,district,12,False,False,0.8865174596465268,False,25.25,1
1621416,2021,0,district,12,False,False,-0.43908115995633556,False,25.75,1
1125675,2021,3,in_state,11,False,False,-0.025258358394019614,False,21.25,0
1830408,2019,0,district,10,False,False,-0.19292990120551146,False,24.75,1
1819965,2013,0,district,12,False,False,0.6433543984061436,False,27.0,1
1775301,2016,0,district,11,False,False,0.8499328043933086,False,25.25,1
1571851,2018,0,district,11,False,False,-0.16615252485455184,False,22.5,0
1735392,2020,3,out_of_state,12,False,False,0.2538308675517099,False,19.75,0
1428282,2017,0,district,9,False,False,-1.434754682712367,False,11.25,0
1095560,2022,3,out_of_state,10,False,False,-0.09846404212184384,False,21.75,0
1447602,2016,0,district,11,False,False,0.01667633041373461,False,23.75,0
1270601,2014,11,out_of_state,11,False,False,-0.7287623508647632,False,23.5,0
1096270,2023,7,in_state,12,False,False,0.7523157992695672,False,24.0,1
1718367,2024,0,district,10,False,False,-0.3780261151262115,False,24.5,1
1162440,2020,0,district,11,False,False,0.11201133630958382,False,24.75,1
1246029,2017,0,district,11,False,False,0.10785557230823006,False,19.75,0
1287168,2021,0,district,12,False,False,0.9700878504412179,False,25.75,1
1010842,2017,6,out_of_state,12,False,False,0.9927585854215857,False,25.0,1
1370979,2021,1,out_of_state,10,False,False,-0.44984110622620077,False,14.0,0
1060953,2018,1,in_state,12,False,False,0.08024779177243371,False,26.5,1
1449351,2020,8,out_of_state,11,False,False,1.0639220213346188,False,27.0,1
1653412,2013,10,in_state,12,False,False,1.02468504523995,True,26.75,1
1151809,2024,3,in_state,11,False,True,0.27487906602491446,False,21.75,0
1745030,2016,11,in_state,11,False,False,-1.4670905263077354,False,15.25,0
1894241,2018,0,district,11,False,False,-0.5573773620809225,False,22.75,0
1726682,2023,7,in_state,10,True,False,-0.44427616741613296,False,22.25,0
1422093,2021,0,district,10,False,False,-0.5974202449120213,False,21.75,0
1196502,2015,6,out_of_state,12,False,False,1.1740949322750738,False,25.5,1
1640764,2022,5,out_of_state,10,False,False,0.4734529136633234,False,25.5,1
1506326,2022,11,out_of_state,12,False,False,0.9963719007779388,False,27.75,1
1882381,2024,0,district,11,False,False,-0.1494807338649521,False,26.75,1
1747637,2017,5,out_of_state,11,False,False,-0.24937107482224988,False,20.0,0
1903778,2015,0,district,10,False,False,0.22712057219544957,False,22.75,0
1875339,2013,0,district,12,False,True,-0.06390382048519386,False,26.5,1
1989593,2020,10,out_of_state,12,False,False,2.0361197525128736,False,27.25,1
1913017,2018,7,out_of_state,12,False,False,-0.21618815908928068,False,22.0,0
1725354,2016,0,district,9,False,False,-1.9720256750141878,False,16.5,0
1733965,2021,5,out_of_state,9,False,False,-1.833119517611094,False,13.25,0
1515396,2015,0,district,11,False,False,0.22165472648684853,False,20.0,0
1555985,2019,3,in_state,10,False,False,0.32004323871084805,False,25.25,1
1420565,2015,2,in_state,11,False,False,2.0251929222752114,False,27.75,1
1956293,2022,0,district,11,False,False,0.4384657649051092,False,23.0,0
1228774,2024,0,district,11,False,False,0.678862380967873,False,20.5,0
1418842,2022,0,district,12,False,False,1.3194706838964878,False,27.75,1
1273413,2022,0,district,11,False,True,0.35669115893333364,False,23.5,0
1374790,2016,0,district,12,False,False,1.2002126180447794,False,28.0,1
1681181,2023,0,district,12,False,False,2.259168591974521,False,27.5,1
1843878,2022,0,district,11,False,False,-0.00896776519239939,False,26.25,1
1757077,2015,0,district,11,False,False,0.5338862243648423,False,24.25,1
1306769,2023,0,district,11,True,False,-1.0711188781841114,False,23.5,0
1475867,2013,0,district,10,False,False,-1.885123816191664,False,11.5,0
1435525,2015,0,district,10,False,False,-1.0700172076492824,False,14.25,0
1644646,2022,0,district,10,False,False,0.18803952147895686,False,21.25,0
1178850,2021,7,in_state,12,False,False,1.960110601932758,False,27.25,1
1197967,2013,0,district,12,False,False,-0.03505061223503381,False,16.0,0
1702252,2013,5,out_of_state,12,False,False,0.3347371000997912,False,22.5,0
1710204,2020,0,district,12,False,False,0.4152880110038761,False,27.0,1
1866239,2021,0,district,12,False,True,0.5333083295074066,False,30.0,1
1914862,2023,10,in_state,12,False,False,2.7000913505491475,True,28.0,1
1626697,2016,1,out_of_state,11,False,False,-0.8799354149451943,False,7.0,0
1705576,2022,5,in_state,11,False,False,0.011232842896139072,False,23.5,0
1513195,2024,2,out_of_state,10,False,True,-0.39947279188936746,False,26.25,1
1782129,2013,8,in_state,9,False,False,-1.9739557875189229,False,11.25,0
1268287,2023,2,in_state,12,False,False,0.19956478500484004,False,26.5,1
1882590,2019,9,out_of_state,11,False,False,-0.28214408489241305,False,21.5,0
1191013,2022,1,in_state,12,False,False,0.26069932051888345,False,24.75,1
1190677,2014,8,in_state,11,False,False,-0.5170247235731282,False,19.5,0
1120919,2016,0,district,10,False,False,-0.44928958800234053,False,16.5,0
1722047,2015,0,district,10,True,False,0.10412903868586776,False,28.25,1
1626317,2019,8,in_state,10,False,False,-0.2115317467412272,False,21.0,0
1713810,2017,8,in_state,10,False,False,-0.03243128550630159,False,22.5,0
1741614,2017,0,district,12,False,False,1.485962965584907,False,27.5,1
1209388,2022,0,district,9,False,False,-2.0602783025384257,False,7.5,0
1291366,2019,0,district,11,False,False,-0.19851502098093665,False,20.5,0
1686849,2013,0,district,12,False,False,1.190316610055819,False,23.5,0
1941815,2013,9,out_of_state,9,False,False,-0.9532184750911421,False,19.0,0
1636535,2018,2,in_state,11,False,False,0.5408065355863555,False,25.75,1
1573269,2018,10,in_state,10,False,False,0.03722254230116051,False,20.75,0
1006574,2016,0,district,12,False,False,0.6779333145483738,False,26.25,1
1912814,2014,0,district,11,False,False,-0.11190099057163841,False,20.5,0
1541939,2018,0,district,9,False,True,-1.9578468834057183,False,13.25,0
1363013,2015,0,district,11,False,False,-0.020236640209869955,False,19.5,0
1511159,2024,2,in_state,12,False,False,0.6594964618639133,False,23.25,0
1223013,2013,9,in_state,10,True,False,-1.5063798744751296,False,20.75,0
1519445,2013,7,out_of_state,12,False,False,0.26241007056339016,False,23.75,0
1587144,2024,7,in_state,10,False,False,-0.1635578309374114,False,15.75,0
1188041,2021,11,in_state,12,False,False,0.503887085274735,False,25.5,1
1157744,2022,0,district,12,False,False,0.3375256681706168,False,25.0,1
1708412,2022,3,out_of_state,12,False,False,1.4162276588566864,False,27.5,1
1187787,2023,4,out_of_state,10,True,True,-1.2005004527420307,False,23.0,0
1731548,2024,11,out_of_state,11,False,False,1.3032612550958969,True,25.5,1
1094853,2021,11,out_of_state,11,False,False,-0.6122495685172822,False,21.0,0
1514487,2013,0,district,11,False,False,-0.030148681342754113,False,27.5,1
1053166,2016,7,in_state,11,True,False,-0.8362644004708562,False,22.75,0
1608881,2015,2,out_of_state,12,False,False,0.14910607726609537,False,24.5,1
1397565,2021,0,district,11,False,True,0.08377090348174837,False,29.0,1
1122375,2023,0,district,10,False,True,0.08711037300945151,False,27.25,1
1959369,2019,1,in_state,10,False,False,-0.8277843853523001,False,16.25,0
1241995,2015,0,district,10,False,False,-0.08310470086076627,False,22.0,0
1534991,2017,8,in_state,10,False,True,-0.06811160989838808,False,27.5,1
1136055,2019,0,district,9,False,False,-1.2825281114764953,False,20.75,0
1735463,2018,0,district,11,False,False,-0.7225595810286304,False,17.25,0
1840308,2024,6,in_state,12,False,True,-0.4887018917133322,False,27.75,1
1605152,2020,2,in_state,11,False,False,0.2786290489238089,False,20.75,0
1131787,2018,3,in_state,10,False,True,-0.604716623804336,False,18.25,0
1126146,2022,8,in_state,11,False,False,0.7258567865980903,False,22.0,0
1175278,2013,0,district,11,False,False,0.34869518741843525,False,23.0,0
1734687,2018,1,in_state,10,False,False,-0.44124895833287797,False,20.25,0
1686734,2022,0,district,12,False,False,0.8001724707173482,False,26.5,1
1018659,2018,3,in_state,12,False,False,1.072991088804304,False,26.75,1
1074194,2021,11,out_of_state,11,True,False,-1.281957887112477,False,24.75,1
1092958,2015,0,district,10,True,False,-0.3998995331571188,False,24.25,1
1130836,2016,3,out_of_state,12,False,False,0.6002655092515081,False,24.0,1
1733988,2016,2,in_state,12,False,False,2.9259830659095325,False,27.25,1
1576243,2015,0,district,11,True,False,-0.5673179738852835,False,25.0,1
1574821,2017,0,district,11,False,False,0.5509610159478784,False,23.0,0
1216427,2022,0,district,11,False,False,0.0782955209881907,False,25.5,1
1001754,2024,0,district,12,False,False,1.172958258443758,False,24.25,1
1323545,2018,2,in_state,11,False,False,0.4444032438563656,False,23.75,0
1386646,2015,0,district,11,False,False,-0.9766760934812518,False,18.25,0
1243783,2018,0,district,11,False,False,-0.8977923201183277,False,15.5,0
1508430,2015,0,district,12,False,False,0.7048258076844941,False,21.75,0
1376765,2017,0,district,12,False,False,1.4648186656353428,False,25.5,1
1750785,2016,0,district,9,False,False,-1.3382244441126812,False,10.5,0
1004242,2023,3,in_state,9,False,False,-0.3253326348323261,False,16.0,0
1222773,2013,0,district,12,False,False,1.0037311153300192,False,26.75,1
1175798,2022,1,in_state,10,False,False,-0.2231078372066193,False,19.5,0
1858898,2019,0,district,11,False,False,-0.8607652988434333,False,20.25,0
1463916,2018,3,out_of_state,12,False,False,-0.382557767602068,False,21.25,0
1999163,2017,0,district,11,False,False,0.40967872360202673,False,26.25,1
1676713,2024,0,district,10,False,False,-0.7122891148280333,False,23.75,0
1441348,2017,4,in_state,12,False,False,0.20703633302372387,False,21.25,0
1444175,2024,0,district,12,False,False,-0.014411550839444842,False,24.5,1
1346427,2015,0,district,12,False,False,0.27203253954633433,False,25.25,1
1783719,2023,0,district,12,False,False,1.6054033447005611,False,26.75,1
1023213,2024,0,district,11,False,False,-0.015807805857176283,False,18.5,0
1388495,2017,0,district,11,False,True,-0.012622653250021015,False,23.75,0
1111865,2024,5,in_state,11,False,False,-0.11611649991920292,False,24.0,1
1811560,2023,0,district,11,True,False,-0.011898885546566484,False,29.5,1
1927475,2014,6,in_state,9,False,False,-1.4796164823682907,False,16.25,0
1271857,2016,10,out_of_state,12,False,False,0.11186066892306867,False,21.25,0
1541947,2021,0,district,9,True,False,-1.9442923467681217,False,8.5,0
1595594,2023,0,district,12,False,False,0.24689559121194726,False,23.25,0
1141868,2013,0,district,10,False,True,-0.5738062563918003,False,23.0,0
1064249,2015,6,out_of_state,11,True,False,-0.2652689115358443,False,31.75,1
1266038,2017,4,in_state,11,False,False,0.09828081930253454,False,24.25,1
1588891,2024,3,out_of_state,9,False,False,-0.07233416031773021,False,18.25,0
1909693,2020,10,out_of_state,11,False,False,0.8408189354682423,True,23.25,0
1911904,2024,5,in_state,10,False,False,-0.41662586278938496,False,21.5,0
1616191,2017,6,in_state,10,False,False,-1.0043637860035644,False,20.5,0
1696434,2019,9,out_of_state,12,False,False,1.3327029972772917,False,26.25,1
1780836,2021,2,out_of_state,12,False,False,1.4189151480013922,False,23.25,0
1099087,2021,0,district,12,False,False,-0.15673951578246514,False,20.5,0
1077292,2019,2,out_of_state,11,False,False,-0.02613726473927304,False,20.5,0
1231920,2013,0,district,11,False,False,0.13684031915963346,False,25.25,1
1438800,2022,7,in_state,10,False,False,-1.419498481705084,False,16.25,0
1987910,2022,0,district,10,False,False,-1.2814523872851395,False,12.75,0
1002616,2024,7,in_state,11,False,False,0.07039695412020207,False,21.0,0
1500156,2022,1,in_state,11,False,False,-0.2601883900223798,False,23.25,0
1463025,2018,5,out_of_state,11,False,False,1.4768171817427718,False,27.0,1
1754450,2014,7,in_state,9,False,False,-1.6355897829782955,False,12.25,0
1365725,2017,3,in_state,11,False,False,0.8868383936829056,False,25.0,1
1007954,2017,0,district,9,False,True,-2.21873094517501,False,10.5,0
1718898,2020,11,out_of_state,12,False,False,0.5710932637275268,False,23.5,0
1630674,2014,0,district,11,False,False,-1.603020157542224,False,17.5,0
1291871,2014,9,in_state,11,True,True,-0.18681841764010815,False,39.75,1
1803916,2015,0,district,11,False,False,-0.1688318028052216,False,19.5,0
1672661,2017,1,in_state,10,False,False,0.07274442634644879,False,23.0,0
1965541,2014,0,district,12,False,False,0.4306254058307698,False,23.25,0
1549823,2018,6,in_state,12,True,False,0.932266107413065,False,30.75,1
1272531,2014,0,district,12,False,False,0.7287150544178149,False,28.0,1
1346076,2024,2,in_state,10,False,False,0.15253638617889126,False,19.0,0
1882959,2015,3,out_of_state,10,False,False,0.11923554198948857,False,25.25,1
1180315,2023,0,district,10,False,False,-0.7165312005110532,False,14.0,0
1153046,2016,6,out_of_state,11,False,False,-0.6134504985548278,False,24.25,1
1711742,2024,4,in_state,12,False,False,1.8767688229251351,False,27.75,1
1039279,2015,0,district,9,False,False,-0.27614555792091117,False,22.0,0
1191175,2022,8,in_state,12,False,False,1.1579268488791539,False,25.75,1
1357941,2016,0,district,9,False,True,-2.052096508223209,False,21.25,0
1406963,2021,6,in_state,10,False,False,-1.266855422311186,False,14.25,0
1642999,2016,0,district,12,False,False,2.245875403420555,False,28.0,1
1218485,2022,6,out_of_state,9,False,False,-0.11424017414156169,False,23.25,0
1454384,2021,0,district,12,False,False,0.6576996494129624,False,20.25,0
1109075,2020,3,in_state,10,False,False,-0.3623915319720735,False,22.75,0
1089541,2018,3,out_of_state,10,False,False,-0.4054524261402679,False,13.0,0
1116865,2019,2,in_state,12,False,False,0.7634841765536932,False,26.75,1
1767227,2019,8,out_of_state,12,False,False,0.44953593317892104,False,25.0,1
1614502,2022,0,district,10,False,False,0.46330671733978535,False,23.5,0
1543903,2023,0,district,11,False,False,0.2843250947101895,False,24.5,1
1021436,2024,0,district,12,False,False,0.705027975590408,False,20.25,0
1382493,2016,2,in_state,11,False,False,0.3230131148897844,False,24.75,1
1842978,2023,0,district,11,False,False,0.6423074912739031,False,26.0,1
1204808,2018,9,in_state,9,True,False,-1.4741753354365994,False,24.5,1
1005238,2019,0,district,11,True,True,-0.8451874085552789,False,34.5,1
1544933,2014,0,district,12,False,False,-0.09427609764195827,False,21.5,0
1062847,2021,0,district,10,False,False,-0.03867575231084247,False,21.75,0
1298057,2015,0,district,9,False,False,-0.9421248874545269,False,13.5,0
1442872,2021,0,district,9,True,False,-1.7560143762954092,False,23.25,0
1870023,2024,0,district,11,False,False,-0.006474363944117711,False,20.75,0
1522136,2015,9,out_of_state,11,False,False,1.1716863765425842,False,26.0,1
1754552,2018,0,district,12,False,False,1.2964346595750502,False,22.5,0
1420392,2021,0,district,10,False,False,-0.3274004713463171,False,18.0,0
1970956,2017,0,district,12,False,False,2.1800825767593768,False,26.75,1
1134311,2020,9,in_state,11,True,False,-1.9415389065503175,False,19.5,0
1287448,2020,9,out_of_state,11,True,False,-0.591092051107295,False,26.5,1
1910067,2014,0,district,11,False,False,1.1643877798868072,False,24.0,1
1080277,2014,1,in_state,12,False,False,0.023857903102187605,False,20.75,0
1994250,2018,0,district,11,False,False,0.8979072304954372,False,25.0,1
1383760,2013,7,out_of_state,11,False,False,0.1780265974195332,False,25.0,1
1596132,2016,9,in_state,12,False,True,1.2438119200517628,False,33.5,1
1010699,2021,9,in_state,9,False,True,-1.342977182326291,False,23.0,0
1963592,2014,2,out_of_state,10,False,True,-0.7398146005506527,False,22.0,0
1601874,2023,0,district,11,False,False,-0.8986733003687208,False,18.75,0
1509972,2023,0,district,10,False,False,0.06709583979904354,False,23.0,0
1569997,2017,11,out_of_state,12,False,False,1.7331567788626465,False,27.75,1
1902144,2020,8,in_state,11,False,False,-0.8661346890149324,False,21.25,0
1998760,2018,10,out_of_state,10,False,False,-0.7375338793315306,False,19.25,0
1501353,2023,0,district,10,False,False,-0.05725047773014858,False,24.75,1
1320154,2017,0,district,10,False,False,0.00704629134835244,False,18.75,0
1477057,2019,0,district,10,True,False,-1.2320233072501776,False,24.0,1
1432563,2017,9,in_state,10,False,False,-2.0923474191108786,False,11.25,0
1743380,2022,0,district,11,False,False,0.29840791138892975,False,24.25,1
1395774,2022,11,in_state,12,False,False,2.6510829512742693,False,28.0,1
1849847,2023,0,district,11,False,False,0.5042444507569311,False,25.0,1
1182843,2014,0,district,12,False,False,0.7196271714990545,False,27.0,1
1229150,2013,0,district,10,False,False,-1.5400238533462594,False,11.5,0
1221663,2024,0,district,10,False,False,0.3251626198932621,False,17.5,0
1874464,2017,0,district,12,False,False,0.7536174541406016,False,28.0,1
1002162,2020,4,in_state,10,False,False,0.651530177143741,False,23.25,0
1901227,2014,0,district,12,False,False,0.01003937511931069,False,25.75,1
1361204,2020,4,in_state,12,False,False,0.05205711559141095,False,23.25,0
1723598,2021,0,district,10,False,False,-0.8764669268772483,False,22.0,0
1120282,2014,8,out_of_state,12,False,False,0.6763890079725048,False,26.75,1
1189007,2022,10,in_state,12,False,False,0.02010440916936984,False,26.75,1
1666906,2013,0,district,10,False,False,-0.5386893755883786,False,17.0,0
1610594,2023,10,in_state,12,False,False,0.9141127415723496,False,23.25,0
1674831,2015,0,district,12,False,False,0.654518086650122,False,23.5,0
1204129,2014,0,district,10,False,False,-0.7786155055927462,False,19.5,0
1516513,2023,5,out_of_state,12,False,False,0.16850841770861186,False,24.75,1
1742073,2016,0,district,11,False,False,0.4236287635318744,False,26.0,1
1284297,2015,8,in_state,12,False,False,3.0762801935099264,False,28.0,1
1829937,2015,7,out_of_state,11,False,False,1.110253993158528,False,23.5,0
1491288,2021,0,district,10,False,True,-0.4486240358308729,False,28.25,1
1310548,2013,3,in_state,12,False,False,0.9602633392471648,False,25.25,1
1536371,2020,0,district,9,False,False,-0.9588786270924329,False,9.0,0
1976010,2020,10,in_state,11,False,False,-0.5052217268664332,False,22.25,0
1319634,2013,0,district,10,False,False,-1.0585767266387627,False,17.0,0
1861488,2017,0,district,10,False,False,-1.557930073051907,False,11.25,0
1380174,2018,0,district,10,False,False,-1.121599599117356,False,23.25,0
1823010,2016,9,out_of_state,12,False,False,0.5697211936884791,False,26.0,1
1526829,2022,0,district,10,False,False,-0.17986294407648948,False,24.75,1
1050249,2021,0,district,11,True,False,-0.39522874872217517,False,26.25,1
1904601,2015,8,out_of_state,11,False,False,-0.044573608486666805,False,23.75,0
1035964,2020,0,district,12,False,False,0.846781458216316,False,23.75,0
1938331,2013,10,out_of_state,11,False,False,0.09504213563437325,False,25.5,1
1029076,2023,0,district,10,False,False,-0.7890145345189643,False,19.0,0
1823586,2020,0,district,12,True,False,1.423266062972576,False,31.75,1
