Student ID,cohort,hs_credits,earned_24,gpa_9,pass_rate_9,credits_9,absence_rate_9,met_ela_8,met_math_8
1001754,2024,24.25,1,2.9285714285714284,0.9285714285714286,6.5,0.022857142857142857,1.0,1.0
1002162,2020,23.25,0,2.5384615384615383,0.8,5.5,0.05847953216374269,1.0,1.0
1002616,2024,21.0,0,1.6428571428571428,0.8571428571428571,6.0,0.01764705882352941,,0.0
1004242,2023,16.0,0,1.4615384615384615,0.9285714285714286,6.5,0.1834319526627219,0.0,0.0
1005060,2017,25.0,1,1.5,0.8666666666666667,6.0,0.1329479768786127,1.0,1.0
1005153,2019,12.0,0,0.5714285714285714,0.42857142857142855,3.0,0.23493975903614459,1.0,1.0
1005238,2019,34.5,1,0.9230769230769231,0.7333333333333333,5.0,0.13095238095238096,0.0,0.0
1006574,2016,26.25,1,3.0,0.8666666666666667,6.0,0.03614457831325301,0.0,1.0
1007310,2014,21.75,0,2.7142857142857144,1.0,7.0,0.06470588235294118,,
1007954,2017,10.5,0,0.38461538461538464,0.2857142857142857,2.0,,,1.0
1010699,2021,23.0,0,0.5384615384615384,0.2857142857142857,2.0,0.3125,0.0,
1010842,2017,25.0,1,3.142857142857143,0.8666666666666667,6.0,0.048484848484848485,1.0,1.0
1012840,2022,26.75,1,3.0,0.8666666666666667,6.0,0.03508771929824561,1.0,1.0
1018659,2018,26.75,1,2.857142857142857,0.9333333333333333,6.5,0.028901734104046242,1.0,1.0
1021436,2024,20.25,0,2.5384615384615383,0.7333333333333333,5.0,0.1329479768786127,1.0,1.0
1021454,2024,23.75,0,1.4285714285714286,0.8571428571428571,6.0,0.08484848484848485,1.0,
1023213,2024,18.5,0,1.5,0.7142857142857143,5.0,0.09195402298850575,1.0,1.0
1027194,2017,24.5,1,1.2857142857142858,0.7142857142857143,5.0,0.052941176470588235,1.0,
1029076,2023,19.0,0,1.1428571428571428,0.7333333333333333,5.5,0.10778443113772455,0.0,0.0
1029132,2015,24.0,1,1.5,0.7857142857142857,5.5,0.12574850299401197,1.0,1.0
1029703,2014,17.25,0,2.0,1.0,7.0,0.06285714285714286,1.0,1.0
1030220,2013,22.5,0,1.7142857142857142,0.8,5.5,0.1566265060240964,0.0,0.0
1035964,2020,23.75,0,3.1538461538461537,0.9333333333333333,6.5,0.028901734104046242,0.0,
1036376,2015,23.75,0,3.142857142857143,0.9333333333333333,6.5,0.045714285714285714,1.0,
1039279,2015,22.0,0,1.75,0.6071428571428571,4.25,0.1317365269461078,1.0,0.0
1040449,2014,9.0,0,0.5,0.4,2.5,0.1377245508982036,0.0,0.0
1043275,2021,16.5,0,1.8571428571428572,0.7142857142857143,5.0,0.040697674418604654,1.0,
1044177,2017,13.0,0,0.2,0.14285714285714285,1.0,0.1927710843373494,1.0,
1049840,2022,25.0,1,2.2857142857142856,0.8571428571428571,6.0,0.048484848484848485,1.0,1.0
1050249,2021,26.25,1,1.7857142857142858,0.9285714285714286,6.5,0.12574850299401197,,
1053166,2016,22.75,0,0.8571428571428571,0.5,3.5,0.04790419161676647,0.0,
1059043,2022,26.5,1,1.8571428571428572,0.9285714285714286,6.5,0.11904761904761904,0.0,0.0
1060953,2018,26.5,1,2.357142857142857,1.0,7.0,0.15204678362573099,0.0,0.0
1062152,2014,22.0,0,1.9285714285714286,0.8571428571428571,6.0,0.08,0.0,0.0
1062847,2021,21.75,0,2.2142857142857144,0.8666666666666667,6.0,0.1952662721893491,0.0,0.0
1064249,2015,31.75,1,1.3846153846153846,0.7142857142857143,5.0,0.21893491124260356,1.0,1.0
1065059,2014,20.0,0,1.2142857142857142,0.5714285714285714,4.0,0.10240963855421686,0.0,0.0
1068183,2022,26.5,1,3.357142857142857,1.0,7.0,0.03468208092485549,1.0,0.0
1074194,2021,24.75,1,0.6923076923076923,0.5,3.5,0.06060606060606061,,
1077292,2019,20.0,0,1.6666666666666667,0.6,4.0,0.06395348837209303,1.0,1.0
1080277,2014,20.75,0,2.0,0.8571428571428571,6.0,0.06470588235294118,0.0,0.0
1081522,2024,9.75,0,0.7142857142857143,0.4642857142857143,3.25,0.10982658959537572,0.0,0.0
1082291,2024,23.0,0,1.8571428571428572,0.6875,5.0,0.13142857142857142,1.0,1.0
1089541,2018,13.0,0,1.4615384615384615,0.5,3.5,0.05202312138728324,1.0,1.0
1091586,2013,17.75,0,1.7142857142857142,0.6666666666666666,4.5,0.03636363636363636,1.0,0.0
1092958,2015,24.25,1,1.5,0.8,5.5,0.09142857142857143,1.0,1.0
1094491,2020,26.75,1,2.857142857142857,0.9333333333333333,6.5,0.058823529411764705,1.0,1.0
1094578,2022,20.25,0,0.38461538461538464,0.2857142857142857,2.0,0.0935672514619883,0.0,0.0
1094827,2016,28.0,1,3.642857142857143,1.0,7.0,0.023668639053254437,0.0,1.0
1094853,2021,21.0,0,1.0,0.5714285714285714,4.0,0.07471264367816093,,
1095560,2022,21.75,0,1.8571428571428572,0.7333333333333333,5.0,0.18823529411764706,0.0,0.0
1096270,2023,24.0,1,3.2142857142857144,1.0,7.0,0.05172413793103448,1.0,1.0
1098892,2024,24.75,1,1.6428571428571428,0.9333333333333333,6.5,0.10919540229885058,,
1099087,2021,20.5,0,1.6428571428571428,0.6666666666666666,4.5,0.05714285714285714,,1.0
1102195,2022,34.5,1,2.4285714285714284,0.9333333333333333,6.5,0.09411764705882353,0.0,1.0
1106785,2024,16.0,0,0.3181818181818182,0.25,1.75,0.3273809523809524,0.0,
1109075,2020,22.75,0,1.4285714285714286,0.7142857142857143,5.0,0.05325443786982249,1.0,1.0
1109524,2013,27.25,1,2.642857142857143,1.0,7.0,0.04,,0.0
1111865,2024,24.0,1,1.9285714285714286,0.9285714285714286,6.5,0.20689655172413793,0.0,1.0
1116594,2019,22.5,0,2.3076923076923075,0.7333333333333333,5.0,,1.0,0.0
1116865,2019,26.75,1,3.0,1.0,7.0,0.10857142857142857,1.0,1.0
1120282,2014,26.25,1,2.642857142857143,0.9333333333333333,6.5,0.07228915662650602,1.0,1.0
1120919,2016,16.5,0,1.5,0.7333333333333333,5.0,0.07514450867052024,0.0,0.0
1122375,2023,27.25,1,1.75,0.625,4.5,0.1286549707602339,0.0,0.0
1125675,2021,21.25,0,1.4285714285714286,0.6666666666666666,4.5,0.10714285714285714,0.0,0.0
1126046,2015,17.5,0,1.0769230769230769,0.5,3.5,0.1488095238095238,1.0,1.0
1126146,2022,22.0,0,2.142857142857143,0.7142857142857143,5.0,0.01744186046511628,0.0,0.0
1128701,2023,26.25,1,3.357142857142857,1.0,7.0,0.011904761904761904,0.0,0.0
1130836,2016,24.0,1,2.2142857142857144,0.9285714285714286,6.5,0.041666666666666664,1.0,1.0
1131787,2018,17.75,0,1.1666666666666667,0.6428571428571429,4.5,0.05232558139534884,0.0,1.0
1134311,2020,19.5,0,0.21428571428571427,0.26666666666666666,1.5,0.06818181818181818,0.0,
1136055,2019,20.75,0,0.5263157894736842,0.5,3.5,,0.0,0.0
1137284,2013,30.25,1,2.7857142857142856,0.8823529411764706,7.0,,0.0,0.0
1138003,2019,20.75,0,3.642857142857143,1.0,7.0,0.041916167664670656,1.0,0.0
1141868,2013,23.0,0,1.6153846153846154,0.7142857142857143,5.0,0.12643678160919541,1.0,1.0
1145775,2024,27.5,1,3.642857142857143,1.0,7.0,0.06358381502890173,1.0,1.0
1150193,2019,24.25,1,3.0,0.9333333333333333,6.5,0.0658682634730539,1.0,1.0
1151809,2024,21.5,0,1.2142857142857142,0.5714285714285714,4.0,0.08823529411764706,0.0,0.0
1153046,2016,24.25,1,1.2857142857142858,0.8,5.5,0.13095238095238096,0.0,
1157744,2022,25.0,1,2.142857142857143,0.9333333333333333,6.5,0.05142857142857143,,0.0
1160654,2021,5.0,0,0.16666666666666666,0.13793103448275862,1.0,0.31547619047619047,0.0,0.0
1162440,2020,24.75,1,1.8461538461538463,0.7857142857142857,5.5,0.14545454545454545,1.0,1.0
1164098,2014,27.0,1,3.7142857142857144,1.0,7.0,0.04242424242424243,1.0,1.0
1175278,2013,23.0,0,2.357142857142857,0.9285714285714286,6.5,0.04678362573099415,1.0,1.0
1175322,2018,25.25,1,3.2142857142857144,0.9333333333333333,6.5,0.15028901734104047,,0.0
1175798,2022,19.5,0,1.1428571428571428,0.5714285714285714,4.0,0.041666666666666664,0.0,
1178053,2020,26.0,1,3.357142857142857,1.0,7.0,0.017341040462427744,0.0,1.0
1178850,2021,27.25,1,3.2857142857142856,0.9333333333333333,6.5,0.03488372093023256,1.0,1.0
1178934,2023,26.75,1,2.0714285714285716,1.0,7.0,0.08235294117647059,0.0,0.0
1180315,2023,14.0,0,1.25,0.8,5.5,0.10714285714285714,0.0,0.0
1182843,2014,27.0,1,3.0,1.0,7.0,0.10059171597633136,1.0,1.0
1187787,2023,23.0,0,0.9285714285714286,0.6428571428571429,4.5,0.3583815028901734,0.0,0.0
1188041,2021,25.5,1,2.2857142857142856,0.9285714285714286,6.5,0.08571428571428572,1.0,1.0
1189007,2022,26.75,1,2.5714285714285716,0.9285714285714286,6.5,0.09090909090909091,1.0,1.0
1190677,2014,19.5,0,0.9230769230769231,0.5,3.5,0.11377245508982035,1.0,1.0
1191013,2022,24.25,1,1.7142857142857142,0.8,5.5,0.08187134502923976,1.0,1.0
1191175,2022,25.75,1,3.0714285714285716,0.9285714285714286,6.5,0.05325443786982249,0.0,
1196502,2015,25.5,1,2.8461538461538463,0.8571428571428571,6.0,0.05421686746987952,1.0,1.0
1197967,2013,16.0,0,1.7857142857142858,0.8,5.5,0.08484848484848485,1.0,1.0
1200860,2021,19.75,0,1.2142857142857142,0.5714285714285714,4.0,0.09467455621301775,0.0,0.0
1201698,2022,21.75,0,1.8571428571428572,0.8571428571428571,6.0,0.08620689655172414,1.0,1.0
1204129,2014,19.5,0,1.5714285714285714,0.8,5.5,0.19540229885057472,1.0,1.0
1204808,2018,24.25,1,0.5714285714285714,0.6428571428571429,4.5,0.16083916083916083,0.0,0.0
1205441,2020,23.25,0,1.4285714285714286,0.8571428571428571,6.0,0.23563218390804597,,
1209388,2022,7.5,0,0.2,0.03571428571428571,0.25,0.38823529411764707,0.0,0.0
1209692,2016,20.0,0,2.857142857142857,0.8666666666666667,6.5,0.017241379310344827,1.0,1.0
1212207,2018,27.0,1,3.357142857142857,1.0,7.0,0.02857142857142857,1.0,1.0
1216427,2022,25.5,1,1.9230769230769231,0.8,5.5,0.10404624277456648,0.0,0.0
1218485,2022,23.25,0,1.9090909090909092,0.8571428571428571,6.0,0.11176470588235295,0.0,0.0
1220876,2023,22.0,0,1.5,0.7142857142857143,5.0,0.12280701754385964,,0.0
1221663,2024,17.5,0,2.0,0.9285714285714286,6.5,0.03592814371257485,1.0,0.0
1221837,2016,24.75,1,3.5714285714285716,1.0,7.0,0.05357142857142857,1.0,1.0
1222773,2013,26.75,1,3.0,1.0,7.0,0.11046511627906977,1.0,1.0
1223013,2013,20.75,0,0.5384615384615384,0.42857142857142855,3.0,0.21739130434782608,0.0,0.0
1228774,2024,20.5,0,2.642857142857143,0.8571428571428571,6.0,0.03614457831325301,0.0,0.0
1229150,2013,11.5,0,0.6428571428571429,0.4666666666666667,3.0,0.31736526946107785,1.0,1.0
1231920,2013,24.75,1,1.9285714285714286,0.8666666666666667,6.0,0.17647058823529413,1.0,1.0
1236899,2020,21.5,0,2.4615384615384617,0.8,6.0,0.07692307692307693,1.0,1.0
1241995,2015,22.0,0,2.4285714285714284,1.0,7.0,0.15789473684210525,0.0,0.0
1243783,2018,15.5,0,0.4166666666666667,0.3333333333333333,2.0,0.07738095238095238,,0.0
1246029,2017,19.75,0,2.142857142857143,0.8571428571428571,6.0,0.13855421686746988,,1.0
1253424,2018,25.0,1,2.0,0.9285714285714286,6.5,0.011494252873563218,1.0,1.0
1259220,2017,25.25,1,1.3571428571428572,0.7333333333333333,5.0,0.1834319526627219,1.0,
1261018,2013,15.25,0,,,,,0.0,1.0
1266038,2017,24.25,1,1.8571428571428572,0.8666666666666667,6.0,0.08045977011494253,1.0,0.0
1268287,2023,26.5,1,2.0714285714285716,0.7857142857142857,5.5,0.09142857142857143,1.0,1.0
1270601,2014,23.5,0,1.3571428571428572,0.8571428571428571,6.0,0.10919540229885058,,
1271857,2016,21.25,0,1.8461538461538463,0.6428571428571429,4.5,0.04142011834319527,,
1272531,2014,28.0,1,2.5714285714285716,1.0,7.0,,1.0,1.0
1273413,2022,23.5,0,2.357142857142857,0.9333333333333333,6.5,0.011976047904191617,1.0,1.0
1275751,2015,22.5,0,1.8571428571428572,0.9333333333333333,6.5,0.14619883040935672,0.0,0.0
1276012,2023,28.0,1,3.5,1.0,7.0,0.04046242774566474,1.0,1.0
1281609,2015,26.75,1,1.3846153846153846,0.8666666666666667,6.0,0.029411764705882353,1.0,1.0
1284297,2015,27.5,1,4.0,1.0,7.0,0.005917159763313609,1.0,1.0
1286298,2019,23.5,0,0.38461538461538464,0.2857142857142857,2.0,0.13253012048192772,0.0,0.0
1286680,2018,18.0,0,0.7333333333333333,0.5,3.5,0.16167664670658682,,
1287168,2021,25.75,1,2.7857142857142856,0.9333333333333333,6.5,0.041666666666666664,1.0,1.0
1287448,2020,26.5,1,1.0,0.7333333333333333,5.0,0.11538461538461539,,
1289387,2017,19.0,0,1.6923076923076923,0.8,6.0,0.1839080459770115,1.0,1.0
1291366,2019,20.5,0,2.2142857142857144,1.0,7.0,0.10909090909090909,1.0,1.0
1291871,2014,39.75,1,2.5,1.0,7.0,0.016129032258064516,,0.0
1295670,2019,19.0,0,0.5,0.4642857142857143,3.25,0.1488095238095238,0.0,0.0
1297320,2013,22.5,0,1.8571428571428572,0.8571428571428571,6.0,0.1317365269461078,1.0,1.0
1298057,2015,13.5,0,0.7222222222222222,0.41379310344827586,3.0,0.09142857142857143,0.0,0.0
1298238,2017,25.75,1,2.9285714285714284,0.8666666666666667,6.0,0.023668639053254437,1.0,1.0
1301044,2013,24.5,1,2.7857142857142856,0.8666666666666667,6.0,0.034482758620689655,1.0,1.0
1303723,2014,26.0,1,3.142857142857143,1.0,7.0,0.05952380952380952,1.0,1.0
1305810,2020,25.5,1,3.357142857142857,1.0,7.0,0.0,1.0,1.0
1306769,2023,23.5,0,0.6153846153846154,0.5333333333333333,3.5,0.11904761904761904,0.0,0.0
1310548,2013,25.25,1,3.076923076923077,0.9285714285714286,6.5,0.029069767441860465,1.0,1.0
1314896,2021,5.25,0,0.29411764705882354,0.21428571428571427,1.5,0.3179190751445087,,0.0
1316077,2023,11.25,0,0.8695652173913043,0.5357142857142857,3.75,0.14201183431952663,0.0,0.0
1319634,2013,17.0,0,0.9285714285714286,0.5714285714285714,4.0,0.3567251461988304,1.0,1.0
1320154,2017,18.75,0,1.7142857142857142,0.7857142857142857,5.5,0.01775147928994083,1.0,
1323545,2018,23.75,0,2.2857142857142856,0.9285714285714286,6.5,0.10119047619047619,0.0,0.0
1326926,2016,15.0,0,2.5714285714285716,1.0,7.0,0.09195402298850575,0.0,0.0
1340703,2018,24.75,1,2.7857142857142856,1.0,7.0,0.07471264367816093,0.0,0.0
1342854,2015,28.0,1,3.0714285714285716,1.0,7.0,0.029411764705882353,1.0,1.0
1346076,2024,19.0,0,1.7857142857142858,0.7333333333333333,5.0,0.10404624277456648,0.0,0.0
1346427,2015,25.25,1,2.7142857142857144,1.0,7.0,0.20359281437125748,1.0,1.0
1349271,2018,26.75,1,3.7142857142857144,1.0,7.0,0.058823529411764705,1.0,1.0
1351782,2015,22.25,0,1.2,0.5357142857142857,3.75,0.07272727272727272,1.0,0.0
1355752,2020,8.0,0,0.9166666666666666,0.5,3.5,0.13333333333333333,0.0,0.0
1357941,2016,21.25,0,0.2631578947368421,0.17857142857142858,1.25,0.14942528735632185,1.0,
1359210,2022,21.5,0,3.2142857142857144,0.9333333333333333,6.5,0.029940119760479042,1.0,1.0
1361204,2020,23.25,0,2.1538461538461537,0.8571428571428571,6.0,0.04819277108433735,1.0,0.0
1363013,2015,19.5,0,2.7142857142857144,1.0,7.0,0.10404624277456648,1.0,1.0
1365725,2017,25.0,1,2.7857142857142856,0.8571428571428571,6.0,0.03488372093023256,1.0,1.0
1368032,2022,16.0,0,1.2142857142857142,0.7857142857142857,5.5,0.04819277108433735,1.0,
1369156,2015,23.0,0,0.18181818181818182,0.25,1.75,0.1781609195402299,0.0,0.0
1370979,2021,13.5,0,0.8333333333333334,0.35714285714285715,2.5,0.09302325581395349,1.0,1.0
1374350,2018,24.75,1,2.111111111111111,0.9285714285714286,6.5,0.15789473684210525,,0.0
1374790,2016,28.0,1,3.0714285714285716,1.0,7.0,0.1488095238095238,1.0,
1376765,2017,25.5,1,3.5,1.0,7.0,0.011764705882352941,0.0,0.0
1378713,2018,15.5,0,1.4615384615384615,0.6666666666666666,4.5,0.11515151515151516,0.0,0.0
1380174,2018,23.25,0,1.0714285714285714,0.7142857142857143,5.0,0.08620689655172414,0.0,
1382493,2016,24.75,1,2.3333333333333335,0.8666666666666667,6.0,0.057803468208092484,1.0,1.0
1383760,2013,25.0,1,1.9285714285714286,0.8571428571428571,6.0,0.024096385542168676,,1.0
1386646,2015,18.25,0,1.1538461538461537,0.6428571428571429,4.5,0.2543352601156069,,0.0
1387457,2020,21.5,0,1.9285714285714286,0.8666666666666667,6.0,0.03550295857988166,1.0,
1388495,2017,23.75,0,2.0714285714285716,0.8666666666666667,6.0,0.12121212121212122,0.0,0.0
1391794,2021,25.25,1,2.5384615384615383,0.9333333333333333,6.5,0.10240963855421686,0.0,0.0
1395059,2021,27.25,1,3.142857142857143,0.9333333333333333,6.5,0.023255813953488372,0.0,0.0
1395774,2022,28.0,1,4.0,1.0,7.0,0.028735632183908046,1.0,0.0
1397565,2021,29.0,1,2.4285714285714284,0.9285714285714286,6.5,0.04,0.0,1.0
1400275,2022,10.25,0,0.16666666666666666,0.2,1.0,0.1566265060240964,1.0,1.0
1401857,2015,24.5,1,1.7142857142857142,0.9333333333333333,6.5,0.20114942528735633,0.0,
1403195,2024,23.25,0,3.2142857142857144,0.9285714285714286,6.5,0.05325443786982249,1.0,1.0
1406756,2014,19.0,0,1.2777777777777777,0.7857142857142857,5.5,0.041176470588235294,0.0,1.0
1406963,2021,14.25,0,0.7142857142857143,0.4666666666666667,3.0,0.3063583815028902,0.0,
1407596,2024,23.25,0,1.6923076923076923,0.8571428571428571,6.0,0.029940119760479042,,
1410274,2020,24.75,1,1.5714285714285714,0.8571428571428571,6.0,0.15428571428571428,0.0,0.0
1414413,2023,23.75,0,1.8571428571428572,1.0,7.0,0.08771929824561403,0.0,1.0
1418048,2023,13.25,0,0.6363636363636364,0.32142857142857145,2.25,0.42011834319526625,,1.0
1418842,2022,27.75,1,3.0,1.0,7.0,0.0,0.0,0.0
1420392,2021,18.0,0,1.6428571428571428,0.8571428571428571,6.0,0.13872832369942195,0.0,0.0
1420565,2015,27.25,1,3.7857142857142856,1.0,7.0,0.028735632183908046,1.0,
1422093,2021,21.75,0,1.3571428571428572,0.7333333333333333,5.0,0.10404624277456648,0.0,0.0
1424065,2023,21.5,0,1.5,0.75,5.5,0.10857142857142857,1.0,1.0
1428282,2017,10.75,0,0.6363636363636364,0.5,3.5,0.15428571428571428,0.0,0.0
1428506,2016,22.75,0,1.1923076923076923,0.7857142857142857,5.5,0.052941176470588235,1.0,0.0
1432563,2017,11.25,0,0.38461538461538464,0.4,2.5,,0.0,0.0
1435525,2015,14.25,0,0.6428571428571429,0.6666666666666666,4.5,0.16470588235294117,0.0,0.0
1435641,2018,32.5,1,2.2857142857142856,0.8571428571428571,6.0,0.030303030303030304,,1.0
1438800,2022,16.25,0,0.3076923076923077,0.21428571428571427,1.5,0.23529411764705882,,0.0
1441348,2017,21.25,0,2.2857142857142856,0.9285714285714286,6.5,0.02976190476190476,0.0,0.0
1442806,2013,22.75,0,1.2142857142857142,0.6875,5.0,0.09941520467836257,0.0,
1442872,2021,23.25,0,0.35,0.32142857142857145,2.25,0.5595238095238095,0.0,0.0
1444175,2024,24.5,1,2.0,0.7857142857142857,5.5,0.017142857142857144,0.0,0.0
1447602,2016,23.75,0,1.1538461538461537,0.7142857142857143,5.0,0.09714285714285714,1.0,1.0
1449351,2020,27.0,1,2.923076923076923,0.8571428571428571,6.0,0.03636363636363636,0.0,
1452473,2022,24.5,1,2.0,0.8571428571428571,6.0,0.046511627906976744,0.0,1.0
1452855,2020,18.75,0,3.0,0.8666666666666667,6.0,0.05202312138728324,0.0,0.0
1454384,2021,20.25,0,2.8461538461538463,0.8571428571428571,6.0,0.11176470588235295,0.0,
1456118,2014,17.5,0,0.9285714285714286,0.5,3.5,0.12121212121212122,1.0,1.0
1457471,2013,20.0,0,0.5263157894736842,0.4642857142857143,3.25,0.1791907514450867,0.0,0.0
1462056,2020,24.75,1,1.7857142857142858,0.7857142857142857,5.5,0.06358381502890173,,0.0
1463025,2018,27.0,1,3.0,0.9333333333333333,6.5,0.01764705882352941,1.0,1.0
1463916,2018,21.25,0,1.9285714285714286,1.0,7.0,0.06432748538011696,0.0,0.0
1475307,2019,20.75,0,2.6923076923076925,0.8,5.5,0.05921052631578947,,
1475867,2013,11.5,0,0.35714285714285715,0.2857142857142857,2.0,0.10240963855421686,0.0,
1477057,2019,24.0,1,0.5833333333333334,0.4666666666666667,3.0,0.19186046511627908,0.0,0.0
1481326,2017,26.25,1,2.642857142857143,0.9375,7.0,,0.0,0.0
1491288,2021,28.25,1,1.5,0.8571428571428571,6.0,0.16167664670658682,0.0,0.0
1492884,2018,8.75,0,0.5,0.3333333333333333,2.0,0.1569767441860465,0.0,0.0
1495939,2014,27.75,1,3.357142857142857,1.0,7.0,0.04142011834319527,1.0,1.0
1500156,2022,23.25,0,1.7857142857142858,0.7857142857142857,5.5,0.2469879518072289,0.0,1.0
1501353,2023,24.75,1,1.8571428571428572,1.0,7.0,0.011494252873563218,0.0,0.0
1506326,2022,27.75,1,3.142857142857143,1.0,7.0,0.09248554913294797,,
1508430,2015,21.75,0,3.0714285714285716,1.0,7.0,0.052941176470588235,1.0,1.0
1509581,2020,26.0,1,3.0714285714285716,0.9333333333333333,6.5,0.01744186046511628,0.0,0.0
1509972,2023,23.0,0,2.357142857142857,0.8571428571428571,6.0,0.08433734939759036,1.0,0.0
1511159,2024,23.25,0,1.8571428571428572,0.7333333333333333,5.0,0.10526315789473684,1.0,0.0
1511917,2021,33.0,1,3.5,0.9333333333333333,7.0,0.0718562874251497,1.0,1.0
1513195,2024,26.25,1,1.7142857142857142,0.7142857142857143,5.0,0.09036144578313253,1.0,1.0
1514487,2013,27.5,1,2.4285714285714284,1.0,7.0,0.10526315789473684,0.0,0.0
1515396,2015,20.0,0,1.6428571428571428,0.6666666666666666,4.5,0.10909090909090909,1.0,1.0
1516277,2018,17.0,0,1.0714285714285714,0.6,4.0,,0.0,1.0
1516458,2016,32.25,1,3.142857142857143,0.9285714285714286,6.5,0.10404624277456648,1.0,1.0
1516513,2023,24.75,1,2.142857142857143,0.8666666666666667,6.0,,0.0,0.0
1519445,2013,23.75,0,2.5,0.75,5.5,0.03488372093023256,,0.0
1520354,2015,22.25,0,1.5714285714285714,0.9333333333333333,6.5,0.09883720930232558,0.0,
1522136,2015,26.0,1,3.357142857142857,1.0,7.0,0.046511627906976744,,
1526004,2014,15.75,0,0.42857142857142855,0.35714285714285715,2.5,0.18072289156626506,0.0,0.0
1526829,2022,24.75,1,2.0714285714285716,0.9285714285714286,6.5,0.16265060240963855,1.0,0.0
1527518,2013,16.5,0,0.9285714285714286,0.7333333333333333,5.0,0.05454545454545454,,1.0
1529220,2022,10.75,0,1.263157894736842,0.6785714285714286,4.75,0.10059171597633136,,
1534991,2017,27.5,1,1.9285714285714286,0.9375,7.0,0.07602339181286549,0.0,0.0
1536371,2020,9.0,0,0.6666666666666666,0.39285714285714285,2.75,0.1511627906976744,0.0,0.0
1537387,2019,26.25,1,2.9285714285714284,0.9285714285714286,6.5,0.040697674418604654,,
1539426,2023,22.5,0,1.5714285714285714,0.7333333333333333,5.0,0.09714285714285714,1.0,
1540407,2013,21.75,0,1.3076923076923077,0.6428571428571429,4.5,0.2603550295857988,1.0,
1541939,2018,13.25,0,0.3,0.42857142857142855,3.0,0.26285714285714284,0.0,0.0
1541947,2021,8.5,0,0.30434782608695654,0.25,1.75,0.1676300578034682,1.0,1.0
1543903,2023,24.5,1,2.2857142857142856,0.9285714285714286,6.5,0.05263157894736842,,0.0
1544933,2014,21.5,0,1.3571428571428572,0.7857142857142857,5.5,0.022988505747126436,0.0,1.0
1546150,2017,22.75,0,1.5384615384615385,0.6666666666666666,4.5,0.05142857142857143,0.0,
1549823,2018,30.25,1,2.142857142857143,0.6666666666666666,4.5,0.07602339181286549,1.0,1.0
1550012,2020,24.75,1,3.0,0.9333333333333333,6.5,0.012121212121212121,0.0,
1550182,2015,20.25,0,3.0,0.8666666666666667,6.0,0.04597701149425287,0.0,0.0
1555985,2019,24.75,1,2.2142857142857144,0.8571428571428571,6.0,,1.0,1.0
1559824,2024,25.75,1,1.0714285714285714,0.7333333333333333,5.0,0.17647058823529413,1.0,0.0
1563625,2018,14.75,0,1.0,0.6785714285714286,4.75,0.1130952380952381,1.0,1.0
1569997,2017,27.75,1,3.642857142857143,1.0,7.0,0.005917159763313609,,
1571851,2018,22.5,0,1.5,0.7857142857142857,5.5,0.1588235294117647,1.0,1.0
1573269,2018,20.75,0,1.9230769230769231,0.8,6.0,0.08187134502923976,1.0,1.0
1573404,2020,6.75,0,0.3076923076923077,0.2857142857142857,2.0,0.09302325581395349,0.0,
1574821,2017,23.0,0,3.0,0.9285714285714286,6.5,0.03636363636363636,,0.0
1576243,2015,24.5,1,1.0769230769230769,0.6428571428571429,4.0,0.19760479041916168,1.0,1.0
1577498,2019,27.0,1,3.142857142857143,1.0,7.0,0.059880239520958084,1.0,1.0
1577772,2023,24.5,1,3.142857142857143,0.9285714285714286,6.5,0.029411764705882353,0.0,0.0
1587144,2024,15.75,0,1.7857142857142858,0.9333333333333333,6.5,0.1317365269461078,1.0,1.0
1588891,2024,18.25,0,2.0625,0.8214285714285714,5.75,0.0650887573964497,0.0,
1595594,2023,23.25,0,2.0714285714285716,0.7857142857142857,5.5,0.1242603550295858,1.0,1.0
1596132,2016,33.5,1,3.357142857142857,1.0,7.0,0.10416666666666667,1.0,1.0
1597402,2014,26.25,1,2.076923076923077,0.8461538461538461,5.5,0.08,0.0,0.0
1601874,2023,18.75,0,0.8571428571428571,0.5333333333333333,3.5,0.08433734939759036,0.0,0.0
1602657,2023,24.0,1,3.0,1.0,7.0,0.02857142857142857,1.0,1.0
1605152,2020,20.75,0,2.0714285714285716,0.7857142857142857,5.5,0.1588235294117647,0.0,0.0
1606418,2016,26.0,1,3.4285714285714284,0.8666666666666667,6.0,0.1242603550295858,0.0,1.0
1608881,2015,24.5,1,2.5714285714285716,0.9285714285714286,6.5,0.05202312138728324,1.0,1.0
1608906,2018,24.5,1,2.1538461538461537,0.9285714285714286,6.5,0.10303030303030303,1.0,1.0
1609561,2015,26.25,1,2.857142857142857,0.9333333333333333,6.5,0.061224489795918366,,
1609936,2018,22.5,0,2.5714285714285716,0.9285714285714286,6.5,0.041916167664670656,,0.0
1610594,2023,23.25,0,3.142857142857143,0.9285714285714286,6.5,0.08,,1.0
1614502,2022,23.5,0,2.7142857142857144,0.8571428571428571,6.0,0.017857142857142856,,
1615508,2022,23.25,0,2.0,0.8,5.5,0.30578512396694213,1.0,1.0
1616191,2017,20.5,0,1.0,0.7857142857142857,5.5,0.17058823529411765,,1.0
1617036,2018,11.75,0,0.6923076923076923,0.42857142857142855,3.0,0.20833333333333334,1.0,0.0
1621416,2021,25.75,1,1.2857142857142858,0.7333333333333333,5.0,0.07017543859649122,1.0,
1626317,2019,21.0,0,1.5384615384615385,0.7333333333333333,5.0,0.12650602409638553,0.0,0.0
1626697,2016,7.0,0,0.6666666666666666,0.46153846153846156,3.0,0.18181818181818182,,0.0
1630674,2014,17.5,0,0.3333333333333333,0.3333333333333333,2.0,0.15204678362573099,0.0,1.0
1636535,2018,25.75,1,2.5714285714285716,0.9333333333333333,6.5,0.09770114942528736,0.0,1.0
1639896,2019,24.75,1,1.2,0.4642857142857143,3.25,0.25882352941176473,1.0,1.0
1640463,2016,27.75,1,3.2857142857142856,1.0,7.0,0.05847953216374269,0.0,0.0
1640764,2022,25.5,1,2.857142857142857,1.0,7.0,0.11834319526627218,1.0,
1642999,2016,27.5,1,4.0,1.0,7.0,0.060240963855421686,1.0,
1644646,2022,21.25,0,2.5714285714285716,0.9285714285714286,6.5,0.1686746987951807,0.0,1.0
1653410,2020,25.75,1,2.9285714285714284,0.9333333333333333,6.5,0.06666666666666667,0.0,0.0
1653412,2013,20.75,0,,,,,0.0,0.0
1655014,2022,23.75,0,2.1538461538461537,0.7857142857142857,5.5,0.1317365269461078,0.0,0.0
1666363,2022,17.75,0,1.5714285714285714,0.8571428571428571,6.0,0.09195402298850575,1.0,
1666906,2013,17.0,0,1.0,0.6428571428571429,4.5,0.13253012048192772,0.0,0.0
1670733,2013,11.5,0,0.45,0.4482758620689655,3.25,0.10857142857142857,1.0,
1671580,2013,26.5,1,2.2857142857142856,0.8666666666666667,6.0,0.01775147928994083,1.0,
1672661,2017,23.0,0,2.5,1.0,7.0,0.03508771929824561,0.0,1.0
1674831,2015,23.5,0,2.4285714285714284,0.8,5.5,0.13095238095238096,1.0,1.0
1676394,2018,18.75,0,1.0,0.7333333333333333,5.0,0.36231884057971014,0.0,0.0
1676713,2024,23.75,0,1.3571428571428572,0.8666666666666667,6.0,0.1497005988023952,0.0,0.0
1678945,2022,19.5,0,0.6923076923076923,0.5333333333333333,3.5,0.040697674418604654,0.0,0.0
1679352,2019,24.75,1,3.5,1.0,7.0,0.09467455621301775,1.0,1.0
1681181,2023,27.5,1,3.5,0.9285714285714286,6.5,0.012048192771084338,1.0,1.0
1683416,2013,21.25,0,1.9285714285714286,1.0,7.0,0.05454545454545454,0.0,
1685369,2013,25.0,1,2.5714285714285716,0.9333333333333333,6.5,0.046511627906976744,1.0,1.0
1686734,2022,26.5,1,2.7142857142857144,0.9375,7.0,0.04790419161676647,0.0,1.0
1686849,2013,23.5,0,3.142857142857143,1.0,7.0,0.0755813953488372,0.0,0.0
1688997,2023,24.0,1,2.642857142857143,1.0,7.0,0.05357142857142857,,0.0
1693243,2022,18.5,0,0.7857142857142857,0.5333333333333333,3.5,0.045714285714285714,1.0,1.0
1696434,2019,26.25,1,3.2857142857142856,1.0,7.0,0.018691588785046728,,
1699288,2019,18.75,0,0.5,0.5,3.5,0.3192771084337349,0.0,0.0
1702252,2013,22.5,0,2.642857142857143,1.0,7.0,0.052941176470588235,1.0,1.0
1702592,2023,25.25,1,2.3846153846153846,0.7142857142857143,5.0,0.04046242774566474,0.0,1.0
1705576,2022,23.5,0,1.6923076923076923,0.8666666666666667,6.0,0.041176470588235294,1.0,1.0
1708412,2022,27.5,1,3.7142857142857144,1.0,7.0,0.022988505747126436,0.0,0.0
1710204,2020,27.0,1,2.2857142857142856,0.8571428571428571,6.0,0.2958579881656805,0.0,0.0
1711742,2024,27.75,1,3.7142857142857144,1.0,7.0,0.04597701149425287,1.0,1.0
1713242,2021,10.5,0,1.2307692307692308,0.8571428571428571,6.0,0.26506024096385544,,
1713810,2017,22.5,0,1.4285714285714286,0.6875,5.0,0.045714285714285714,,1.0
1713980,2022,24.25,1,2.5714285714285716,1.0,7.0,0.12716763005780346,0.0,0.0
1718367,2024,24.5,1,1.5714285714285714,0.7857142857142857,5.5,0.06547619047619048,1.0,1.0
1718898,2020,23.5,0,2.7857142857142856,0.7857142857142857,5.5,0.01764705882352941,,
1721425,2014,12.25,0,0.7692307692307693,0.5333333333333333,3.5,0.12643678160919541,,0.0
1722047,2015,28.25,1,2.142857142857143,0.8571428571428571,6.0,0.023121387283236993,0.0,1.0
1722482,2013,8.5,0,0.25,0.21428571428571427,1.5,0.14035087719298245,0.0,1.0
1723598,2021,22.0,0,1.3571428571428572,0.6,4.0,0.15517241379310345,,
1724587,2013,26.75,1,2.357142857142857,0.9333333333333333,6.5,0.07602339181286549,1.0,1.0
1725354,2016,16.5,0,0.09523809523809523,0.13793103448275862,1.0,0.05714285714285714,0.0,0.0
1726682,2023,22.25,0,1.6428571428571428,0.8666666666666667,6.0,0.15028901734104047,0.0,0.0
1729194,2014,13.75,0,1.0,0.7857142857142857,5.5,0.14285714285714285,0.0,0.0
1731240,2014,27.5,1,3.2857142857142856,1.0,7.0,0.06666666666666667,0.0,0.0
1731548,2024,12.0,0,,,,,,
1733965,2021,13.25,0,0.17647058823529413,0.10714285714285714,0.75,0.11904761904761904,0.0,
1733988,2016,27.25,1,4.0,1.0,7.0,0.022857142857142857,1.0,1.0
1734687,2018,20.25,0,0.9285714285714286,0.6666666666666666,4.5,0.07142857142857142,0.0,0.0
1735392,2020,19.25,0,1.7692307692307692,0.7142857142857143,5.0,0.1686046511627907,0.0,0.0
1735463,2018,17.25,0,1.1538461538461537,0.8,5.5,0.14457831325301204,1.0,1.0
1739877,2014,13.25,0,0.8571428571428571,0.4666666666666667,3.5,0.0658682634730539,,
1740376,2016,14.25,0,0.21739130434782608,0.18518518518518517,1.25,0.1781609195402299,0.0,0.0
1741280,2020,12.75,0,0.5714285714285714,0.35714285714285715,2.5,0.3392857142857143,0.0,0.0
1741614,2017,27.5,1,3.142857142857143,0.9333333333333333,7.0,0.03529411764705882,1.0,1.0
1741730,2016,31.75,1,1.9285714285714286,0.9333333333333333,6.5,0.059880239520958084,,1.0
1742073,2016,26.0,1,2.7142857142857144,0.9333333333333333,6.5,0.011627906976744186,1.0,1.0
1742123,2021,27.25,1,3.0714285714285716,0.9333333333333333,6.5,0.011764705882352941,1.0,1.0
1743380,2022,24.25,1,2.5384615384615383,0.8571428571428571,6.0,0.01764705882352941,1.0,1.0
1745030,2016,15.25,0,0.38461538461538464,0.35714285714285715,2.5,0.19393939393939394,0.0,0.0
1745192,2016,25.0,1,3.357142857142857,1.0,7.0,0.023255813953488372,,1.0
1747637,2017,20.0,0,1.3571428571428572,0.7142857142857143,5.0,0.12571428571428572,0.0,0.0
1750785,2016,10.5,0,0.3333333333333333,0.21428571428571427,1.5,0.34104046242774566,1.0,1.0
1754342,2023,29.0,1,2.142857142857143,0.9333333333333333,6.5,0.07471264367816093,0.0,
1754450,2014,12.25,0,0.4444444444444444,0.25,1.75,0.22988505747126436,1.0,1.0
1754552,2018,22.5,0,3.2142857142857144,0.9333333333333333,6.5,0.03488372093023256,0.0,1.0
1757077,2015,24.25,1,2.642857142857143,0.9333333333333333,6.5,0.14534883720930233,0.0,0.0
1766520,2013,18.0,0,2.0714285714285716,0.8666666666666667,6.0,0.10714285714285714,1.0,
1767227,2019,25.0,1,2.2142857142857144,0.8666666666666667,6.0,0.06395348837209303,,1.0
1775301,2016,25.25,1,2.5,0.9333333333333333,6.5,0.21764705882352942,1.0,1.0
1775919,2020,25.25,1,0.9285714285714286,0.5,3.5,0.17142857142857143,,0.0
1779049,2015,19.75,0,1.5384615384615385,0.9285714285714286,6.5,0.03550295857988166,0.0,
1780836,2021,23.25,0,3.142857142857143,1.0,7.0,0.0,1.0,0.0
1782129,2013,11.25,0,0.38461538461538464,0.35714285714285715,2.5,0.3609467455621302,0.0,0.0
1783719,2023,26.75,1,3.642857142857143,0.9333333333333333,6.5,,1.0,
1785467,2024,20.5,0,1.1428571428571428,0.5333333333333333,3.5,0.05142857142857143,0.0,0.0
1803916,2015,19.5,0,2.0,1.0,7.0,0.09411764705882353,1.0,1.0
1810695,2014,22.5,0,2.9285714285714284,1.0,7.0,0.05389221556886228,1.0,1.0
1811560,2023,29.5,1,2.2857142857142856,0.9333333333333333,6.5,0.08982035928143713,1.0,0.0
1816927,2024,26.25,1,2.7142857142857144,0.9285714285714286,6.5,0.028735632183908046,1.0,1.0
1819965,2013,26.5,1,2.857142857142857,1.0,7.0,0.03571428571428571,1.0,1.0
1822666,2013,19.5,0,2.357142857142857,0.9333333333333333,6.5,0.060240963855421686,,0.0
1823010,2016,26.0,1,3.142857142857143,1.0,7.0,0.05521472392638037,,
1823329,2013,12.5,0,0.0,0.10344827586206896,0.75,0.21818181818181817,,0.0
1823586,2020,31.75,1,3.2857142857142856,0.8666666666666667,6.5,0.024242424242424242,1.0,1.0
1823770,2019,25.25,1,2.0,1.0,7.0,0.11494252873563218,1.0,
1829937,2015,23.5,0,3.0714285714285716,1.0,7.0,0.023809523809523808,0.0,0.0
1830408,2019,24.75,1,1.5714285714285714,0.8666666666666667,6.0,0.1144578313253012,0.0,0.0
1839523,2020,16.5,0,0.07692307692307693,0.07142857142857142,0.5,0.20481927710843373,0.0,0.0
1840308,2024,27.75,1,1.0,0.7333333333333333,5.0,0.1686746987951807,0.0,0.0
1841359,2024,26.75,1,2.142857142857143,0.8571428571428571,6.0,0.08,1.0,1.0
1842978,2023,26.0,1,3.0,0.9333333333333333,6.5,0.024242424242424242,0.0,0.0
1843878,2022,26.25,1,2.142857142857143,0.9333333333333333,6.5,0.05747126436781609,,1.0
1844357,2019,26.25,1,2.2142857142857144,0.9333333333333333,6.5,0.03773584905660377,1.0,1.0
1848264,2024,22.75,0,1.4285714285714286,0.8,5.5,0.13218390804597702,0.0,0.0
1849847,2023,25.0,1,2.5,0.8,5.5,0.06896551724137931,1.0,0.0
1849915,2022,15.0,0,2.2857142857142856,0.8666666666666667,6.0,0.03614457831325301,0.0,
1858106,2013,22.5,0,1.1666666666666667,0.5333333333333333,4.0,,0.0,0.0
1858898,2019,20.25,0,1.2142857142857142,0.8,5.5,0.3160919540229885,0.0,0.0
1861488,2017,11.25,0,0.6153846153846154,0.5714285714285714,4.0,0.22413793103448276,0.0,0.0
1866239,2021,30.0,1,2.4285714285714284,0.9333333333333333,6.5,0.041176470588235294,1.0,
1870023,2024,20.75,0,1.9166666666666667,0.8666666666666667,6.0,0.24277456647398843,0.0,0.0
1874464,2017,28.0,1,3.2142857142857144,1.0,7.0,0.05325443786982249,1.0,
1875339,2013,26.0,1,1.5714285714285714,0.8,5.5,0.10588235294117647,1.0,1.0
1876312,2021,24.25,1,1.5,0.7142857142857143,5.0,0.06358381502890173,0.0,0.0
1877800,2018,26.0,1,3.2142857142857144,1.0,7.0,0.017142857142857144,1.0,1.0
1877961,2024,27.75,1,3.9285714285714284,1.0,7.0,0.029239766081871343,0.0,1.0
1882381,2024,26.75,1,2.142857142857143,0.9285714285714286,6.5,0.09195402298850575,0.0,0.0
1882590,2019,21.5,0,1.3571428571428572,0.7142857142857143,5.0,0.09345794392523364,,
1882959,2015,25.25,1,2.076923076923077,0.8,5.5,0.023121387283236993,1.0,1.0
1884221,2020,22.5,0,2.5714285714285716,0.8571428571428571,6.0,0.13690476190476192,1.0,1.0
1885445,2018,24.75,1,2.357142857142857,0.8,5.5,0.023952095808383235,1.0,0.0
1885857,2015,21.5,0,1.7857142857142858,0.7857142857142857,5.5,0.15428571428571428,0.0,0.0
1894241,2018,22.75,0,0.5833333333333334,0.35714285714285715,2.5,0.16091954022988506,0.0,
1898070,2016,10.75,0,0.65,0.5714285714285714,4.0,0.20606060606060606,1.0,1.0
1901227,2014,25.75,1,1.8571428571428572,0.9285714285714286,6.5,0.05172413793103448,1.0,
1902144,2020,21.25,0,1.7142857142857142,0.9285714285714286,6.5,0.07471264367816093,0.0,0.0
1903778,2015,22.75,0,2.5714285714285716,0.8571428571428571,6.0,0.1317365269461078,0.0,0.0
1904601,2015,23.75,0,2.142857142857143,0.8571428571428571,6.0,0.3275862068965517,0.0,
1906522,2013,24.0,1,3.142857142857143,1.0,7.0,0.01775147928994083,1.0,1.0
1909693,2020,16.0,0,,,,,,
1910067,2014,24.0,1,3.0714285714285716,0.8666666666666667,6.0,0.08571428571428572,1.0,1.0
1911904,2024,21.5,0,1.3571428571428572,0.6428571428571429,4.5,0.13855421686746988,0.0,0.0
1912814,2014,20.5,0,1.3571428571428572,0.6666666666666666,4.5,0.17647058823529413,,0.0
1913017,2018,22.0,0,1.5714285714285714,0.8666666666666667,6.0,0.11695906432748537,1.0,1.0
1913420,2024,17.0,0,1.1538461538461537,0.6428571428571429,4.5,0.11627906976744186,1.0,1.0
1914862,2023,21.0,0,,,,,1.0,1.0
1915099,2015,28.5,1,2.2142857142857144,1.0,7.0,0.13609467455621302,,1.0
1919704,2015,23.5,0,3.0714285714285716,0.9285714285714286,6.5,0.011627906976744186,0.0,1.0
1921514,2024,26.0,1,1.5714285714285714,0.7857142857142857,5.5,0.046511627906976744,0.0,0.0
1923194,2022,25.5,1,2.0,0.8571428571428571,6.0,0.09883720930232558,1.0,1.0
1924484,2018,23.25,0,2.2142857142857144,0.8571428571428571,6.0,0.09580838323353294,1.0,1.0
1924759,2014,19.5,0,,,,,1.0,1.0
1927475,2014,16.0,0,0.42857142857142855,0.39285714285714285,2.75,0.22023809523809523,1.0,1.0
1930663,2021,22.5,0,2.2142857142857144,0.8666666666666667,6.0,0.13333333333333333,0.0,0.0
1938331,2013,25.5,1,2.4615384615384617,0.8666666666666667,6.5,0.09411764705882353,,
1941245,2015,19.5,0,0.3888888888888889,0.21428571428571427,1.5,0.33727810650887574,0.0,0.0
1941815,2013,19.0,0,0.5714285714285714,0.39285714285714285,2.75,0.17721518987341772,,
1948302,2019,24.25,1,1.6428571428571428,0.8571428571428571,6.0,0.1,,0.0
1956293,2022,23.0,0,2.75,0.7857142857142857,5.5,0.03529411764705882,0.0,0.0
1959369,2019,16.25,0,0.6923076923076923,0.5333333333333333,3.5,0.0935672514619883,0.0,0.0
1961351,2015,9.75,0,1.8461538461538463,0.7142857142857143,5.0,0.0872093023255814,0.0,0.0
1963592,2014,21.5,0,1.1428571428571428,0.6666666666666666,4.5,0.05389221556886228,0.0,0.0
1964557,2018,15.75,0,1.2307692307692308,0.6428571428571429,4.5,0.18235294117647058,0.0,0.0
1965541,2014,23.25,0,2.357142857142857,0.8666666666666667,6.0,,0.0,0.0
1970956,2017,26.75,1,3.7142857142857144,1.0,7.0,0.03592814371257485,1.0,1.0
1976010,2020,22.25,0,1.1428571428571428,0.6428571428571429,4.5,0.05847953216374269,0.0,0.0
1982310,2021,24.0,1,1.7142857142857142,0.9333333333333333,6.5,0.05917159763313609,0.0,1.0
1987910,2022,12.75,0,1.2142857142857142,0.7142857142857143,5.0,0.36416184971098264,0.0,
1989593,2020,27.25,1,3.857142857142857,1.0,7.0,0.017857142857142856,,
1991167,2019,21.75,0,1.9285714285714286,0.9285714285714286,6.5,0.041176470588235294,,0.0
1994250,2018,25.0,1,3.142857142857143,1.0,7.0,0.08433734939759036,1.0,1.0
1998760,2018,19.25,0,0.8461538461538461,0.42857142857142855,3.0,0.2222222222222222,,
1999163,2017,26.25,1,2.1538461538461537,0.8571428571428571,6.0,0.09090909090909091,0.0,1.0
